content:Survey,
survey_id,user_email
1,user1@gmail.com
1,user2@gmail.com
1,user3@gmail.com
1,user4@gmail.com
1,user5@gmail.com
1,user6@gmail.com
1,user7@gmail.com
1,user8@gmail.com
1,user9@gmail.com
1,user10@gmail.com
1,user11@gmail.com
1,user12@gmail.com
1,user13@gmail.com
1,user14@gmail.com
1,user15@gmail.com
1,user16@gmail.com
1,user17@gmail.com
1,user18@gmail.com
1,user19@gmail.com
1,user20@gmail.com
1,user21@gmail.com
1,user22@gmail.com
1,user23@gmail.com
1,user24@gmail.com
1,user25@gmail.com
1,user26@gmail.com
1,user27@gmail.com
1,user28@gmail.com
1,user29@gmail.com
1,user30@gmail.com
